x,y
Hearing scheduled as gun-rights advocacy groups look to overturn Deerfield assault weapons ban,1
"I’m David Hogg, and I Support Gun Rights",1
Michael Moore: NRA is a ‘terrorist organization’; media should treat gun-rights group like ISIS,1
Parkland student and Second Amendment advocate asks why he wasn’t invited to speak at weekend rally,1
College instructor creates ‘Second Amendment zone’ to segregate gun carriers—it doesn’t go over well,1
"When the Second Amendment threatens the First, mass shootings are more likely",1
Why man says he's fighting to be allowed to post blueprints for 3-D printed guns Video,1
Gun rights group pulls endorsement for GOP candidate over criticism of 3D printed guns,1
Hardline U.S. 'gundamentalists' pressure NRA from within,1
Sacha Baron Cohen Tricks A Pro-Gun Activist Into Putting A Dildo In His Mouth,1
Retired justice urges repeal of Second Amendment,1
"We Have the Right to Bear Arms': Kanye Talks Guns, Chicago Violence With Trump",1
Florida city official charged with murder after state rejects 'stand your ground' shooting of suspected thief,1
‘Good people carry guns’: Sheriff backs Uber driver who shot threatening stalker,1
Gun owners group vows to sue after Washington state passes tough new regulations | Fox News,1
Rosanne Cash on California Shootings: ‘We Use Young People as Collateral Damage for the Second Amendment’,1
NRA Chief Defends Gun Rights in Wake of School Shooting,1
Unlikely pair could usher gun rights case to U.S. Supreme Court,1
Trevor Noah: 'The Second Amendment Is Not Intended for Black People',1
"Meet Cody Wilson, the 'crypto-anarchist' who wants you to be able to 3D-print unregulated guns",1
Trevor Noah: ‘The Second Amendment was not made for black folks’,1
There's not a 'snowflake's chance in hell' of repealing the Second Amendment,1
"Gun Rights Activists Defy Court Ruling, Post 3D-Printed Gun Blueprints Online",1
Gun-rights hysteria doesn't sell in the Trump era,1
US 'crypto-anarchist' sees 3D-printed guns as fundamental right,1
Carrying a gun is a privilege — regardless of whether you're a civilian or a police officer - Chicago Tribune,1
Father of Parkland victim heckled by gun rights group as he speaks at rally near NRA meeting,1
"Marchers Should Demand Second Amendment Repeal, Says Former Supreme Court Justice Stevens",1
Killer Mike Takes Strong Stance in Defense of Gun Ownership in NRA Interview,1
Breaking Down the 27 Words of the Second Amendment,1
"3D-printed gun maker says he's selling blueprints, despite court order against him",2
John Cornyn: Raising age limit for rifles may not save lives,2
Gun control activist David Hogg thanks the NRA — then posts cryptic tweet about ‘us NRA members’,2
How red flag laws could help families grappling with guns and mental illness,2
"Gun control group targets firearms owners with new ads, seeks common ground",2
Judge strikes down California ban on storefront handgun ads,2
"Shopify bans sales of some guns, weapons and ammunition",2
"Seattle gun storage law 'eminently reasonable,' judge says in tossing NRA, gun group's lawsuit",2
Texan says he's selling 3D-printed gun plans after ruling,2
6 Things You Can Do Right Now to Fight for Gun-Control,2
Warriors coach fundraising for gun control Brady PAC,2
California lawmakers vote to expand gun restraining orders — but ACLU says bill goes too far,2
Detroit-area lawmaker targeting ammunition sales in gun control push,2
Harley Rouda 3D-printed guns are coming to America unless Congress acts. But the NRA doesn't want them to.,2
"Seeking stricter gun regulation, women sue over 'incalculable' damage inflicted on children",2
"Country Star Jason Aldean Wades Into Gun Control Debate, Says Weapons Are 'Too Easy to Get'",2
"SNL,' with Alec Baldwin as Trump, addresses gun control after Parkland school shooting",2
Father who lost child in Parkland massacre: Survivors' gun control efforts go 'in the wrong direction',2
Advocates see opening for tougher gun control laws for those guilty of domestic violence,2
California bans gun sales to people under 21,2
NRA spokeswoman calls for end to gun-free zones after Jacksonville shooting,2
Judge blocks release of 3D-printed gun plans one day after Jacksonville Madden shooting,2
A judge ruled that a website has to suspend downloads for 3D gun plans. But they're already out there,2
3D Printing Vs Gun Control: Navigating The Paradox – Analysis,2
Parkland School Shooting Prompts Chicago Suburb of Deerfield to Ban Assault Weapons,2
"Stunned by a surge in mass shootings, California lawmakers send nine gun-control bills to the governor",2
A suggestion for groups supporting gun control: Get your act together,2
Judge blocks posting of online plans for 3D printed guns,2
Investigators test how well gun laws work online — and find shocking results that undermine liberals,2
"Gun control, teacher groups threaten legal action against DeVos gun funding proposal",2
The standout moments that made CNN's gun control town hall feel like a game-changer,2
Florida stopped doing gun permit checks for more than a year,2
Supreme Court won't hear challenge to California gun waiting period,2
Judge blocks distribution of 3D-printed gun blueprints until case is resolved,2
"3-D printed gun blueprints for sale after U.S. court order, group says",2
How Many States Will Pass Gun-Control Laws Before Recess?,2
New York tightens gun restrictions for domestic abusers,2
Nashville mayor demands stricter gun control after Waffle House shooting,2
California already had the strictest gun control laws in the nation. They just passed a bunch more,2
Bloomberg's claims on gun control fail to match the facts,2
Gun Control Groups Eclipse N.R.A. in Election Spending,2
"After Synagogue Shooting, New Jersey to Consider More Gun Restrictions",2
Mother of Thousand Oaks Victim: “I Don’t Want Prayers. I Don’t Want Thoughts. I Want Gun Control.”,2
"Family of youngest bar massacre victim: ""It's not about gun control""",2
"My Father, a Judge, Said a Gun Control Case Was One of His Hardest. Now I See Why.",2
Illinois governor vetoes bill to license gun stores,2
Justices Won’t Hear Case on Waiting Period for Gun Purchases,2
"Empire of the Sun’s Luke Steele Talks Gun Control, New Album, Lindsey Buckingham & Wendy Melvoin Collaborations",2
What students need to do to get more gun-control laws passed: Keep the media's attention,2
Calif. governor signs bill raising age limit for purchase of long guns from 18 to 21,2
Amazon bans the sale of a guidebook for 3D printing a gun,2
11 questions on gun laws and mental health: How Cincinnati shooter purchased a gun legally,2
"Countywide referendums on midterm election ballot deal with minimum wage, gun dealers",2
Florida governor bucks NRA on age restrictions in new gun proposal,2
"Florida Senate rejects ban on assault weapons, votes to arm teachers",2
Supreme Court rebuffs challenge to California gun restrictions,2
"As a Federal Judge Blocks 3D Gun Blueprints, Trump Shifts Away From the NRA",2
"NRA spokeswoman pushes back on raising age for buying semiautomatic rifles, an idea Trump has suggested",2
"Spokane, Wash. ends gun sales by police after probe",2
"After years of dejection, proponents of gun laws see hope",2
Jamie Lee Curtis Made Sure ‘Halloween’ Only Used Firearms for Self-Defense and Aligned With Her Views on Gun Control,2
Dispute over 3D-printed guns raises many legal issues,2
3D-Printed Guns Are Unchecked and Untraceable. And a Judge Blocked Them at the Last Minute,2
NRA sues Florida to block part of new gun law,2
Shootings Thrust Gun Control Into Campaign Ads,2
I voted against an assault weapons ban. Here’s why I changed my mind.,2
David Hogg touts gun reforms in Pennsylvania: ‘The young people will win’,2
A Judge Has Blocked The Release Of 3D-Printed Gun Blueprints — For Now,2
How the NRA undercut the last big gun reform effort,2
Missouri lawmaker takes on federal law barring medical marijuana users from owning firearms,2
"After Jacksonville shooting, is it too early to talk about gun laws? Today's talker",2
U.S. judge halts release of blueprints for 3-D printed guns,2
Why Australia's famed gun control laws probably wouldn't reduce shooting deaths in America,2
Opinion | Young People at the Forefront of Gun Control,2
New York passes bill to restrict guns for domestic abusers,2
"Military rushed to add 4,000 to gun ban list",2
"Health Care, Gun Control And The Environment Will Rule The Florida Governor Race",2
"Bucking the NRA, Florida governor signs landmark gun control legislation",2
Me + You Productions’ ‘Spring Awakening’ advocates for gun control – HS Insider,2
"Ban assault weapons, buy them back, go after resisters: Ex-prosecutor in Congress",2
Chicago shootings put spotlight on Illinois gun laws,2
"California Is Already Tough on Guns. After a Mass Shooting, Some Wonder if It’s Enough",2
Gun control groups far out-spending gun rights groups for 2018 midterms—first time in 20-plus years,2
Why We Need to Take Away All the Guns,2
Gun control vs. mental health care: debate after mass shootings obscures murky reality,2
"Gun used to fatally shoot Sacramento County deputy was bought illegally in Nevada, prosecutors say",2
California governor signs gun control bills into law,2
Glendale police approved to hold first gun-buyback event,2
Senators offer bill that could block gun sales to people seen as risks,2
Do Gun Control Laws Save Lives? Major Study Says Lack Of Federal Funding For Research Means We Still Don't Know,2
Gun-Control Activist Lucy McBath Has Officially Won Her Congressional Race,2
How gun background checks work,2
"Gun Control Bills, Including Program to Arm Teachers, Race Through Florida Legislature",2
Senators introduce bill to block terrorists from buying guns,2
Groups pushing gun control target California Republican with new ad,2
ACLU urges schools not to interfere with student gun control protests,2
Florida Didn't Conduct Gun Background Checks for a Year Because an Employee Couldn't Log In,2
Company selling 3D-printed gun blueprints online despite court injunction,2
Florida lawmakers agree to advance bill to restrict gun purchases,2
New Vermont law used to keep school shooting plot suspect from getting gun,2
"Shields and Brooks on White House chaos, gun control polarization",2
"Blocked From Posting Printable Gun Plans, Activist Will Mail Them Instead",2
Supreme Court turns away challenge to California gun control,2
Levi Strauss teams up with Bloomberg to create gun control group: ‘Simply cannot stand by silently’,2
Montana governor supports assault weapon ban,2
"Florida House passes gun reform, school safety bill after lengthy debate",2
Those Banned 3D-Printed Gun Files Are Now Available on Another Site. Are They Really Free Speech?,2
Alaska lawmaker cites Holocaust deaths to oppose gun control,2
Federal judge overturns California’s 95-year-old ban on handgun advertising,2
Texas leaders want more screening and more guns to prevent more shootings,2
Synagogue shooting suspect appears in court as Pittsburgh prepares for Trump's visit,3
"Pittsburgh leaders, residents split over President Trump’s trip to synagogue shooting site",3
"House Dems are promising tougher gun control measures, but advocates may have lost ground in the Senate",3
Ex-GOP rep.: Leftist groups could hijack shooting victims' grief,3
"Governors skeptical of Congress, but welcome new gun debate",3
President Trump's shifting stance on assault weapons,3
Trump administration to ban bump stocks for guns,3
Trump's silence on Waffle House shooting speaks volumes,3
Republican and Democratic Lawmakers Get Facts Wrong on Gun Policy,3
The President Is Pushing the Exact Conspiracies Cited by the Pittsburgh Shooter 5 Days After the Attack,3
Donald Trump says armed teachers could help stop future gun attacks,3
"Rudy Giuliani tweets about Chicago gun violence, praises Garry McCarthy but calls him 'Jerry'",3
"In debate with J.B. Pritzker, Gov. Bruce Rauner says illegal immigration contributes to Chicago gun violence",3
Pittsburgh synagogue shooting: Kellyanne Conway blames “anti-religiosity.”,3
"Midterms 2018: As March for Our Lives champions firearms control, this Parkland victim’s father says guns are not the problem",3
These Florida lawmakers accepted money from the National Rifle Association,3
Pittsburgh synagogue-shooting suspect wheeled into courtroom; Trump to visit city Tuesday,3
Trump Says Classmates Knew Florida Shooting Suspect 'Was a Big Problem' and Should Have Reported Him,3
"Trump praises gun rights, bashes Mueller probe in speech to NRA",3
This week in Congress: Gun debate takes back seat,3
"Trump Calls for Unity After Synagogue Shooting, Then Swiftly Denounces Democrats",3
Trump: I'd have rushed into Florida school during shooting Video,3
Dems vow swift action on gun reform next year | TheHill,3
Trump visits Florida hospital after school shooting,3
Trump defends NRA amid gun law debate,3
"The NRA's Dana Loesch Says Brett Kavanaugh Has Been the Victim of 'Matriarchal Insane Attacks' by Gillibrand, Harris",3
Trump upends gun politics — for now,3
What do the gun violence debate and 2016 election have in common?,3
Liberals spend $86 million to tackle gang and gun violence,3
Cruz confronted by mother of Santa Fe shooting victim at rally,3
Cuomo bill would allow teachers to ask judge to take guns from students,3
Cruz criticizes Democrats in wake of deadly California shooting,3
"Ivanka Trump tweets about Jacksonville mass shooting, and people are calling her out",3
Rep. Steve Scalise Shooting News & Videos,3
"NRA spokeswoman: 'As a mother of sons,' Kavanaugh accusations scare me",3
What Kavanaugh thinks about assault weapons,3
Trump Still Stands By Arming People Following Pittsburgh Synagogue Shooting,3
Trump woos NRA gun lobby in Dallas,3
"Schneider and Bennett talk gun control, immigration during 10th Congressional District forum",3
Jeff Sessions’ Gun Prosecution Machine Goes After Many Black Nonviolent Offenders,3
"On Capitol Hill, little chance of a legislative response to latest mass shooting",3
Trump says he would have rushed into Florida school without a weapon,3
"Majority of Republicans Support Raising Minimum Gun Age to 21, Poll Finds",3
"Santorum: Instead of calling for gun laws, kids should take CPR classes",3
"55th District candidates address guns, political affiliations during Park Ridge forum",3
Democrats drop bid to overturn Rauner veto of gun shop licensing bill,3
"Liberal Pittsburgh mayor calls for gun control, rejects Trump’s call for more armed guards",3
Florida GOP amends anti-Gillum ad after Pulse shooting victim complains tragedy is used as ‘political prop’,3
Trump urges lawmakers to buck NRA every once in a while,3
Parkland gun policy agenda: Here's where every House member stands,3
A Republican Governor Shoots Himself in the Foot,3
US gun debate stirs conservative conference after Florida tragedy,3
This week: Congress takes up banking reform as gun debate stalls,3
Exclusive: Giffords' gun safety group targets vulnerable GOPers as 'bought' by NRA,3
Pro-Trump pastor says schools should teach Ten Commandments to help stop gun violence,3
I Placed Myself Under His Lifeless Body': Parkland Survivor Details School Shooting Experience At Kavanaugh Hearing,3
The 43 most eye-popping lines from Donald Trump's 'surreal' gathering on guns,3
Donald Trump says Second Amendment 'will never be repealed' following ex-Supreme Court judge's comments,3
Trump warns Dems will 'take away your Second Amendment',3
Florida mass shootings embolden Democrats on gun control,3
Trump reacts to deadly synagogue shooting Video,3
Interior Secretary Ryan Zinke Held Onto Undisclosed Shares In Gun Company,3
"Trump Offers Call for Unity After Shooting, Pivots to Rally Mode",3
Trump dubs California bar shooter 'sick puppy' as community grieves,3
Scalise meets with Florida school shooting survivors,3
Trump says close to finalizing effective ban on gun bump stocks,3
Exclusive: Democrats fund spike in gun control ads this election cycle,3
Watch Live: Trump addresses NRA’s annual convention in Dallas,3
Dem lawmaker 'sickened' that Pa. school district will let teachers carry guns,3
"What Kavanaugh said about abortion, guns and presidential pardons",3
Trump: Shooting had little to do with gun laws,3
"McConnell backs death penalty in Pittsburgh, Louisville shootings",3
Parkland dad blames the Trump administration for settlement over 3-D printed guns,3
"The ‘Trump Slump’: With a Friend in the White House, Gun Sales Sag",3
Florida Yoga Studio Shooting Suspect Was A Far-Right Misogynist,3
"Man allegedly threatened to shoot up polling place, said he was promised a gun to vote straight party",3
Trump is uniquely positioned to cut a deal to prevent school shootings,3
"WATCH: Justice Department didn’t consult Trump on 3D-printed guns, White House says",3
Parkland shooting survivor gives powerful testimony at Kavanaugh hearings,3
"Once a 'proud NRA sellout,' Putnam won't say if he'd use term again",3
"If we want gun safety in America, Brett Kavanaugh will not help us",3
WV-Sen: Gun-toting Joe Manchin fires off pro-Obamacare ad that shoots down lawsuit,3
NRA withdraws support for GOP governor after gun control legislation,3
GOP senator opposed to gun control mocked for bill proposal after airline pet death,3
The 40 most breathtaking lines from Donald Trump's NRA speech,3
What House Democrats can do about guns - CNNPolitics,3
Trump orders flags lowered to half-staff in ‘solemn respect’ for synagogue shooting victims,3
"NRA's election spending lower than previous campaigns By Lisa Marie Pane, Julie Pace, Associated Press",3
"South Carolina lawmaker pulls out loaded gun during constituent meeting, audience says",3
"Dem wanting social media scrutiny for gun-license applicants has violent, tax-delinquent past: reports",3
Right and Left React to the Gun Control Debate After the Florida Shooting,3
"Trump salutes 2nd Amendment, urges NRA members to vote GOP",3
Kellyanne Conway cites 'anti-religiosity' in Pittsburgh shooting,3
"After Pittsburgh synagogue shooting, Trump decries 'wicked act of mass murder'",3
Donald Trump Is a 'Coward' for Leaving D.C. During Gun Protest Says Gregg Popovich,3
"Moderate Dem governor moves left, supports assault weapons ban as possible 2020 run looms",3
House Dems call for first Education Committee hearing on school shootings since Sandy Hook,3
Oklahoma Democratic candidate challenges GOP rival to shooting contest,3
"California Gov. Jerry Brown signs bill banning gun sales to people under 21, citing Parkland",3
White House slams Justice over 3D-printed guns Video,3
Brett Kavanaugh avoids shaking hands with father of Parkland shooting victim,3
"On Day Of Mass Shooting, Trump Jokes He Nearly Canceled Speech Due To 'Bad Hair Day'",3
Only 5 senators were in the room to hear Parkland shooting survivor's testimony on Kavanaugh,3
Trump to visit Pittsburgh in response to synagogue shooting,3
"Pelosi meets with Parkland students and parents, says gun control would be atop Dems’ agenda",3
Trump to meet with high school students following Florida shooting,3
"Hillary Clinton, gun-control groups, lawmakers unite on fundraiser for 'NR8' candidates",3
Brett Kavanaugh apparently wouldn't shake hands with a Parkland shooting victim's dad,3
Parkland student Cameron Kasky calls Trump a 'professional liar' after NRA speech,3
From Barack Boom to Trump Slump: Demand Slows for AR-15-Style Guns,3
Videos show calm man shooting five as police close in,4
Official: Shooter debated sanity online during bar massacre,4
Some wanted shooting suspect forcibly committed in 2016,4
Las Vegas gunman became unstable but didn't raise suspicions,4
Family that took in Florida shooting suspect call him a 'monster' and say they had no clue what he was planning,4
Florida man threatened people 3 different times before shooting man in 'stand your ground' case,4
Suspected Chicago Mercy Hospital Gunman Had a History of Making Threats,4
"‘Kill Me,’ Parkland Shooting Suspect Said After Rampage",4
"Florida shooter showed violence at home, police reports reveal",4
Central Michigan University officers had multiple run ins with shooting suspect,4
Dementia complicates US gun ownership,4
Capital Gazette gunman constantly harassed journalists on Twitter. Why wasn't he stopped?,4
The lonely lone shooter: The Pittsburgh synagogue suspect's apparently isolated life,4
Jenelle Evans' Ex Seeks Full Custody After She Pulls Gun in Front of Son During Road Rage Incident,4
Did Florida Yoga Studio Gunman Want to Get Revenge on Women for Rejecting Him?,4
Florida school shooting suspect was investigated by state after self-harming,4
"Raging Xbox Player Accused of Firing Real Handguns in His Bedroom, Hitting Family Home Across the Street",4
"Maryland drugstore shooter was diagnosed with mental illness but legally owned gun, sheriff says",4
Mental Health Provider That Evaluated Nikolas Cruz Before Parkland Shooting To Service Florida Charter Schools,4
"Exclusive: Group chat messages show school shooter obsessed with race, violence and guns",4
The solution to mass shootings has nothing to do with mental illness | TheHill,4
"Church gunman's wife says he cuffed her to bed, said he'd be ""right back"" before rampage",4
Girlfriend: Shooter prone to violence before deadly rampage,4
"Parkland school shooting suspect heard voices to 'Burn, kill, destroy', confession says",4
"Waffle House shooting suspect not fit to stand trial, ordered to mental facility",4
"Gunman casually bought water moments before massacre that wounded Gabrielle Giffords, new FBI video shows",4
Doctors Need to Talk to Families About Guns and Dementia,4
Jacksonville Witness: Gamer Gunman ‘Stared Blankly’ After Loss,4
"School shooting threats, even when no guns are fired, can heighten anxiety among students",4
Accused Gunman in Capital Gazette Shooting Left a Trail of Conflicts,4
"Probe: Mercy Hospital gunman was 'disliked classmate'at fire academy, described as presenting himself in'perverted' way",4
NH cops shot by mentally ill man sue gun shop that sold him gun,4
Police: San Jose teacher suspected in road rage incident arrested in classroom with loaded gun,4
Shooting suspect was able to buy guns despite mental illness,4
Florida Shooting Suspect Nikolas Cruz Called Himself 'Annihilator' in Social Media Posts and Was Obsessed with Guns,4
"1 in 5 U.S. Gun Owners Use Drugs, Report Mental Health Condition: Survey",4
Parkland School Shooter Blames Massacre on a “Demon” Voice,4
Mental health crisis isn't about guns. It's about Trump & GOP gutting Medicaid: Kennedy,4
Border Patrol agent accused of killing 4 stockpiled weapons and sought 'suicide by cop' : Police,4
"This is a very dangerous person,' says lawyer who represented harassment victim of Maryland gunman",4
Cruz biological mother's past a factor in school shooting,4
Checking Facts and Falsehoods About Gun Violence and Mental Illness After Parkland Shooting,4
Parkland Shooting Suspect Lost Special-Needs Help at School When He Needed It Most,4
"Generation Z reported the most mental health problems, and gun violence is the biggest stressor",4
"Man, 45, threatened to shoot 11-year-old after losing Xbox game: police",4
Wisconsin and Maryland shooters both had history of mental illness,4
"Parkland shooting suspect seen 'smiling and giggling' in jail, records show",4
California Shooter Had Domestic-Disturbance History,4
"Parkland School Shooting Suspect Nikolas Cruz Spotted Giggling, Laughing While in Jail, Observation Report Says",4
Gunman who killed 2 at Florida yoga studio had history of harassing young women,4
"Texas school gunman 'confused,' his lawyers say",4
"Synagogue shooter 'listened to noise and noise told him his people were being slaughtered', says Jewish doctor who spoke to Robert Bowers",4
"Televised meetings over school shootings are cathartic, but change nothing",5
‘End Family Fire’ Campaign Hopes to Combat Accidental Child Gun Deaths,5
"Run, hide, fight: Cal State video shows how to survive active shooter",5
Let's hope the Salvador Castro Middle School shooting finally wakes up L.A. Unified on school safety,5
White House struggles to outline specific efforts made to stop mass shootings,5
A Parkland teacher volunteered to arm himself — then left a loaded gun in a public bathroom,5
School shootings: Should parents be charged for failing to lock up guns used by their kids?,5
Companies develop bulletproof clothing to protect against shootings,5
America can prevent shootings like Jacksonville. But it must come to terms with its gun problem.,5
Police boost patrols at synagogues after Pittsburgh shooting,5
Betsy DeVos’s reported guns-in-schools plan would make schools less safe,5
New Jersey mom helps thwart school shooting plot in Kentucky,5
New Jersey mom credited with stopping potential school shooting in Kentucky,5
Illinois superintendent becomes police officer so she can carry a gun in her school,5
School safety bill introduced by bipartisan senators in response to Florida shooting,5
Harwood Heights police conduct active shooter drill at Eisenhower library: 'You have to have a plan',5
"Adult, juvenile charged in BB gun incident that prompted Elgin school to go into 'secure' mode",5
Teen hailed as hero for reporting classmate with gun and preventing possible school shooting,5
Mom with 'gut feeling' stops school shooter before planned attack,5
"Mundelein High School student charged after he made 'joke' list of classmates to shoot, police say",5
"Congress eyes school safety, but not major gun control overhaul",5
DeVos may let schools buy guns with federal money,5
Mom may have stopped school shooting by alerting police to harassing Facebook posts,5
Let's avoid tragedy': Police warn against giving toy guns as presents this holiday season,5
"Butler High School Classes Resumed After Shooting For Safety Reasons, Superintendent Says",5
Opinion | Schools Can Keep Kids Safe Without Giving Their Teachers Guns,5
"Mass shootings 'increasing'and pose'most serious threat' in US, expert says",5
Sheriff leading Parkland shooting probe supports arming teachers Bob Gualtieri says teachers who undergo background checks and training should be armed as a last line of defense,5
"Alarming rise in eye injuries from BB, pellet and paintball guns in kids",5
"To Defend Against School Shootings, Massachusetts District Is Passing Out Emergency Buckets With Hammer, Rope",5
How to design a school in the era of mass shootings,5
Texas school district accepts gun donations 2 months after deadly school shooting,5
"Lake County high school student arrested with ammo, middle-schooler busted for threatening to shoot students",5
Teacher who sheltered students during shooting opposes guns in classroom,5
EA Launches Safety Review in Wake of Jacksonville Shooting,5
Gun manufacturer waited months to warn the public its pistol could fire when dropped,5
Commentary: This is how common school shootings are in America,5
"Chicago, suburban libraries brace for the question: Can I print out a 3D gun?",5
House to vote next week on school safety bill with no gun measures,5
Experts share ways you can keep yourself safe in a mass shooting,5
Aurora neighborhood group learns how to stay safe in active shooter situation,5
Department of Education considers letting schools buy guns for teachers with federal grant funds.,5
Florida governor calls on FBI to detail school shooting tip failure,5
EA cancels eSports tournament amid security fears after Jacksonville shooting,5
Homemade Guns Are a Much Bigger Threat Than 3D-Printed Firearms,5
"A year after Vegas shooting, ATF emails reveal blame, alarm over bump stocks",5
Inoperable handgun found at Waukegan alternative school,5
Santa Fe High School had armed cops and active shooter drills. Yet 10 people died.,5
Threat of Shootings Turns School Security Into a Growth Industry,5
Brooklyn Official Says He Will Carry a Gun Whenever He Enters a House of Worship,5
Teaching in the Age of School Shootings,5
Shooting at Florida video game tournament raises calls for more security,5
Texas Governor unveils school safety plan after deadly shooting,5
"Guns send 8,300 kids to hospitals each year, study finds",5
Betsy DeVos Eyes Federal Education Grants to Put Guns in Schools,5
Mad Magazine’s ABCs of a School Shooting Give It a Boost of Relevance,5
Michigan University Profs To Fight Off School Shooters With -- Hockey Pucks?,5
"In 2 rural states that let teachers carry guns, few schools take part",5
"Our children are being massacred — and not by ISIS, but by guns",5
Texas Lt. Gov. Says ‘Too Many Entrances’ Possibly To Blame In School Shooting,5
"Guns send over 8,000 US kids to ER each year, analysis says",5
Doctors release new recommendations to reduce gun violence,5
ATF emails reveal pressure to address bump stocks hours after Vegas shooting,5
The absurdity of teachers carrying guns,5
Deputy FBI director on Parkland shooting: 'We made mistakes',5
School Shootings in America So Common that Students Are Being Taught How to Stop Bleeding of Shot Classmates,5
What the FBI Knew About the Accused Florida School Shooter – and When,5
Longtime NYC police chief: Giving teachers guns is 'the height of lunacy',5
"Guns found at 2 schools, threats reported at 3 schools near Santa Fe High School on 1st day back after mass shooting",5
Michigan School District Installed Gunshot Sensor Detection System,5
Officials across the country fear a new era of untraceable firearms,5
No safe haven as shootings rock US schools,5
US schools implement new safety measures in wake of recent mass shootings,5
Shooting at Jacksonville Videogame Event Puts Focus on Security,5
NRATV: Boys Should Be Trained To Charge At Active Shooters,5
Shooting at esports event in Florida raises calls for more security,5
"Ex- FBI agent: In an era of mass shootings, some advice on safety",5
DeVos considers plans to let states use federal fund to buy guns for schools: report,5
"Alabama elementary school student brings gun to school, shoots himself in hand: police",5
Michigan's top court hearing cases over guns at schools,5
"The feds were watching, but unlicensed gun dealer was still able to sell Glock that killed Chicago police officer",5
Betsy DeVos considers allowing schools to use federal funds to buy guns,5
Education Department’s proposals on guns in schools sparks outcry,5
Florida politicians consider allowing teachers to carry guns,5
How Proposed Plans to Stop the Next School Shooter Might Affect People With Mental Illness,5
Could high-tech tools have prevented Pittsburgh's shooting?,5
Griffith student charged with accidentally bringing loaded gun inside high school,5
Florida lawmakers pass bill that would allow school staff to carry guns,5
"Worried about gun violence, more than 20 Illinois schools install blue emergency boxes that notify police of an active shooter",5
"When a second-grader pointed a gun at me, I'm glad I wasn't armed",5
"Guns allowed on campus leads prof to cancel office hours, declare ‘I no longer feel safe’: student",5
Lake Central auto shop teacher faces discipline after failing to report man with visible gun on school property,5
Former student accused of bringing replica gun into Oswego High School,5
NPR: More than two-thirds of school shootings reported to feds in 2015-16 never happened,5
How Columbine changed the way police respond to mass shootings,5
Special FBI team helping investigate South Carolina shooting,5
NRA spokeswoman blames gun free zones for Jacksonville shooting,5
Security concerns come to light following shooting outside Mount Sinai Hospital,5
‘South Park’ Season Premiere ‘Dead Kids’ Is a Big Middle Finger at Apathy Over School Shootings,5
How 3-D printed guns are made and the growing security concerns they present,5
What to Do When There’s an Active Shooter,5
Trevor Noah: Using buckets of rocks to fend off school shooters 'is such a dumb idea',5
NYPD deploys officers to religious centers after Pittsburgh shooting,5
Waffle House shooting illustrates the danger posed by gun-free zones,5
This 14-year-old inventor designed a bulletproof wall to protect students during school shootings,5
Undetectable' plastic 3-D printed guns have been detected by TSA airport screeners,5
Video of Columbine Massacre Shown in School for Active Shooter Training,5
Woman Who Reported Racist Facebook Message May Have Prevented a School Shooting,5
Florida sheriff supports armed teachers in schools to stop shooters,5
"ShotSpotter, a gunshot detection system, goes live in Calumet City",5
Thousand Oaks shooter is the textbook example of white privilege,6
Alabama mall shooting: Family of black man killed by police officer on Thanksgiving hires civil rights lawyer,6
NRA depicts children's show characters in KKK hoods to criticize cast diversity,6
Gunman targeting Jews kills 11 in Pittsburgh synagogue,6
Kroger shooting suspect apparently sought access to mostly black church before slayings,6
Pittsburgh shooting: Alleged gunman posted stream of anti-Semitic hate online in months – and moments – before attack,6
Jemel Roberson: Demands for justice after Chicago police shoot dead 'hero'black security guard who successfully detained gunman,6
"Inspired by Gaza Killings, Ann Coulter Proposes Shooting Immigrants Trying to Cross U.S. Border Illegally",6
"A Mall Shooting, a Black Man’s Death, and a Debate Over Race and Gun Rights",6
White man convicted after shooting at black teen asking for directions,6
Muslim man arrested at New Mexico compound allegedly trained children to commit school shootings,6
Son Of Witness: Suspect In Fatal Kroger Shooting Said 'Whites Don't Kill Whites',6
"Muslim Americans raise more than $200,000 for those affected by Pittsburgh synagogue shooting",6
A Black Security Guard Was Killed By Police As He Tried To Stop A Shooting,6
Robert Bowers arrest: Pittsburgh synagogue shooting suspect charged with 44 counts including hate crimes,6
White Man Accused Of Pulling Gun On Muslim Teens At Minnesota McDonald s,6
"Angry over diversity in children's show, NRA TV depicts 'Thomas & Friends' in KKK hoods",6
Vernon Hills teen accused of wearing white supremacist shirt pleads not guilty to weapons charges,6
Why feminism and racism have a lot to do with the gun debate,6
Pittsburgh shooting suspect said he wanted all Jews to die: police,6
New Mexico Compound: Alleged Muslim Extremists Who Trained Children to Carry Out School Shootings Have Charges Dropped,6
Teen who allegedly wore white supremacy shirt at Lake County college pleads guilty to weapons charge,6
Retired firefighter convicted for firing shotgun at black teen who knocked on his door (video),6
Hate crime considered in Kentucky grocery shooting,6
Synagogue gunman kills 11 in America's worst anti-Semitic attack,6
Kroger Shooting Suspect Is Charged With Hate Crimes in Killings of 2 Black People - The New York Times,6
‘I wanted him to feel compassion’: The Jewish nurse who treated the synagogue shooting suspect tells his story,6
"Kanye West donates $150,000 to family of black security guard killed by police after stopping gunman: report | TheHill",6
Muslim groups raise money for victims after Pittsburgh synagogue shooting,6
Disturbing as hell': NRA slammed for giving 'Thomas & Friends' characters a KKK makeover,6
"Alleged Kroger gunman uttered, 'whites don't kill whites,' witness says",6
Kroger shooting in Kentucky is being investigated as a hate crime,6
Tragic twist in synagogue shooting where gunman 'wanted all jews to die',6
Police: Pittsburgh synagogue gunman said 'I just want to kill Jews',6
I chose to show him empathy': Jewish nurse who treated synagogue shooting suspect,6
Retired firefighter found guilty for firing shotgun at a black teen,6
Jury sees video of white man who greeted lost black teen with shotgun,6
Pittsburgh synagogue shooting suspect Robert Bowers pleads not guilty to federal hate crime charges,6
"Robert Bowers, alleged Pittsburgh synagogue gunman, left trail of chilling, anti-Semitic social media posts",6
Retired firefighter found guilty for shooting at lost black teen on doorstep,6
"Flap over funeral doves prompts arrest of California man, seizure of cache of guns and Nazi paraphernalia",6
Kentucky grocery store gunman reportedly told bystander 'whites don't shoot whites',6
NRA spokeswoman to Warren: Most Americans have native heritage,6
"Pittsburgh synagogue gunman said he wanted all Jews to die, criminal complaint says",6
"Jeffrey Zeigler in court on Tuesday, when he was sentenced to at least four years in prison. Credit Credit Todd McInturf/Detroit News, via Associated Press By Sarah Mervosh Nov. 13, 2018 A white man who fired a shotgun",6
"Woman who reported racist Facebook message may have stopped a school shooting, police say",6
Who is Jemel Roberson? Black Security Guard Shot Dead By Police After Subduing and Disarming Gunman,6
"Cardi B Thinks Black Excellence Scares Trump's America, Especially 'Scrawny' Men 'Raised in a Trailer in Alabama': 'That's Why They Own Guns'",6
He Created 3D-Printed Guns And Funded Neo-Nazis. Now He's An International Fugitive.,6
Michigan man to be sentenced for shooting at lost black teen,6
"HIAS, the Jewish Agency Criticized by the Shooting Suspect, Has a History of Aiding Refugees",6
"Kentucky fair officials to propose ban on 'items of hate' after Nazi, KKK memorabilia sold at gun show | TheHill",6
Suspect In Fatal Kroger Shooting First Tried To Get Inside Black Church: Police,6
Parkland Shooter's Rifle Magazines Were Etched With Swastikas: Reports,6
Robert Bowers: Pittsburgh synagogue shooting suspect spewed anti-Semitic bile on social media,6
Michigan man gets up to 10 years in prison for shooting at black teen asking for directions | TheHill,6
"Whites don't shoot whites,' suspected gunman told man after killing 2 black customers at Kentucky Kroger",6
White Supremacist Who Called the Pittsburgh Synagogue Shooting a 'Dry Run' Arrested in D.C.,6
Pittsburgh shooting: 11 dead in synagogue attack with suspect Rob Bowers to face federal hate crime charges,6
"Pittsburgh synagogue shooting suspect threatened Jewish groups, pushed migrant caravan conspiracies",6
A Black Security Guard Caught a Shooting Suspect. Police Arrived—and Killed the Guard.,6
"As immigrants flow across the U.S. border, American guns go south",6
Alabama mall shooting: Police admit they killed innocent black man by mistake as true Thanksgiving gunman remains at large,6
Hate crime charges filed in Pittsburgh synagogue shooting that left 11 dead,6
"White male 'gun nuts' are 'biggest terrorist organization on the planet,' Tennessee Dem ally wrote online: report",6
Look who's talking': Roseanne Barr slammed for tweet calling out 'racist anti-Semitic bigotry that exists in our country' after synagogue shooting,6
Lawyers call US gun charges for Mexican man 'vindictive',6
The Kentucky Supermarket Shooting That Left Two Black People Dead Is Being Investigated As A Hate Crime,6
Federal Grand Jury Charges Pittsburgh Synagogue Shooter With Federal Hate Crimes,6
Man accused of shooting at black teenager who knocked on his door to ask for directions,6
"As immigrants flow across US border, American guns go south",6
Dentist Killed in Pittsburgh Synagogue Shooting Tried to 'Heal the World' With Work Treating Immigrants and Refugees,6
November 13 12:27 PM Man gets prison for shooting at black teen asking for directions,6
I fled anti-Semitism in the Soviet Union: We must tackle lax gun laws as well as hate and bigotry,6
"Yoga studio shooter posted racist, misogynistic videos",6
Florida Police Issued An Arrest Warrant For A White Man Who Pulled A Gun On Black College Students,6
Family outraged after police kill black man mistaken for mall shooter,6
Retired Firefighter Sentenced For Shooting At Black Teen Who Sought Directions,6
NRA TV Airs Photo of Thomas The Tank Engine In KKK Hood In 'Ethnic Diversity' Segment,6
White man who harassed black students with gun in viral video charged,6
Teen Wearing Neo-Nazi Group Clothing Arrested With Cache of Illegal Weapons in Illinois,6
Officials: Shooter in synagogue attack spoke of killing Jews,6
Roseanne Barr slammed for tweet calling out 'racist anti-Semitic bigotry' after synagogue shooting,6
The Kentucky Kroger shooting may have been a racist attack,6
Police Issue Arrest Warrant For White Man Who Pulled Gun on Four Black College Students in Viral Video,6
White man pulls gun in confrontation with black Florida A&M students,6
Illegal immigrant charged with gun possession tries to claim Second Amendment rights in court,6
Kansas man sentenced to life in prison for 2017 shooting that targeted Indian men,6
"Pittsburgh synagogue shooting suspect indicted on federal hate crime charges, faces 535 years",6
D.C. man arrested on gun charge after relatives alert police to his alleged white nationalist outbursts,6
Alleged D.C. white nationalist denied bail on gun-related charges,6
Why it Matters: Parkland shooting survivors on what's driving them to vote,7
Tomi Lahren’s Gun in Yoga Pants Instagram Post Sparks Social Media Ridicule,7
‘This Is Us’ Paid Emotional Tribute to the Pittsburgh Synagogue Shooting Victims,7
"Eiffel Tower, Empire State Building Go Dark To Honor Pittsburgh Synagogue Shooting Victims",7
"A year after shooting, Vegas voters see strengthened community",7
Why some schools are suspending kids for joining gun control walkouts,7
"Ellen DeGeneres, Mandy Moore and More Stars React to Shooting at Pittsburgh Synagogue",7
Recent mass shootings launch discussion of social justice issues in North Shore Country Day class,7
"After back-to-back mass shootings, America grows numb",7
Las Vegas shooting: Memorial events mark 1-year anniversary as massacre motive still shrouded in mystery,7
Gaming community honors Jacksonville shooting victims on social media: 'Champions forever',7
Protesters march on Lake Shore Drive to call attention to gun violence,7
An Open Letter to My Camper: The Pen is Mightier than the Gun – HS Insider,7
"#VegasStrong: Jason Aldean, Eric Church, and more remember Route 91 Harvest festival victims and survivors 1 year after shooting",7
Santa Fe strong:' Community greets high schoolers returning for 1st time since mass shooting,7
Parkland students respond to Jacksonville mass shooting,7
Grieving parents of teen killed in Parkland school shooting use 'graphic activism' to confront the NRA,7
A Marjory Stoneman Douglas graduate is making a sculpture to honor the shooting victims,7
This Is Our Lane': Doctors Slam NRA After Chicago Hospital Shooting,7
Gun activists go on offensive at major conservative conference,7
"Cremated remains of Las Vegas mass shooter to be kept in safe deposit box, brother says",7
"Cheers, boos and tense exchanges on day of confrontation over guns",7
"Gun owners support a wide range of gun control measures, Johns Hopkins study finds",7
Survivors of Parkland Massacre Held Event Last Month at Site of Jacksonville Mass Shooting,7
March For Our Lives' gun-control rally bumped from National Mall by 'talent show',7
"Shot on the streets of Chicago as teens, they're heading to D.C. to protest gun violence",7
Garth Brooks opens CMA Awards with moment of silence for Thousand Oaks shooting victims,7
Las Vegas Shooting: Retired Carpenter Builds New Memorial of 58 Crosses Ahead of Anniversary,7
"Parkland students honor those lost at graduation, plan next phase for their gun-control movement",7
Victims of the Marjorie Stoneman Douglas School shooting receive posthumous degrees Video,7
Student survivors of Florida school shooting making their voices heard,7
‘The World Moves On And You Don’t.’ Parents Who Lost Children in School Shootings Find Comfort in a Group No One Wants to Join,7
Thousands Attended The First Funerals For The Victims Of The Pittsburgh Synagogue Shooting,7
Las Vegas shooting memorial marks grim anniversary: 'None of us will ever be the same',7
U.S. online gaming community stunned by Jacksonville shooting,7
Suspect arrested in Alabama mall shooting; protests continue Associated Press,7
22 West Aurora students participate in third national walkout since Parkland shooting,7
"Doctors share gun stories, demand action after NRA tells them to 'stay in their lane'",7
Grief and Self-Doubt Follow Shooting at Trenton Arts Festival,7
"Students have a right to protest gun violence, but they can’t disrupt class",7
‘This Is Us’ Honors Victims of Pittsburgh Synagogue Shooting,7
How We Mourned' memorializes Las Vegas mass shooting,7
"After Pittsburgh synagogue shooting, Squirrel Hill residents shaken but not surprised",7
Memorial in downtown Las Vegas honors victims of October shooting rampage,7
Doctors rip Santorum for saying students should learn CPR instead of protesting gun violence,7
Township objects to proposed new rules for Kendall County shooting ranges,7
Paul McCartney attends 'March For Our Lives': I lost my best friend to gun violence,7
"‘So Much Pain’: A Police Family, Forever Changed by the Las Vegas Mass Shooting",7
Students across America plan school walkout in support of second amendment,7
Poll: Support for gun control hits record high,7
Teenagers stage 'lie-in' outside White House in support of Parkland shooting victims,7
The CMA Awards open with a moment of silence for the 12 people killed in Thousand Oaks shooting,7
"Naperville students remember shooting victims, call for gun reform during national school walkout",7
Students call for action after Florida school mass shooting,7
Celebrities And Activists Form Coalition To Take On NRA,7
Florida School Shooting Survivors March on State Capital to Urge Gun Control Reform,7
CalSTRS to pressure retailers to stop selling assault weapons banned by California,7
Nashville gay bar owners say they feel threatened by a picture of a gun on pro-Trump ‘LGBT’ flyers,7
Thousands head to DC for gun control protest Video,7
Las Vegas shooting survivors reunite at Jason Aldean show 1 year later: 'It's a bond for life',7
Chicago sports teams donate $1 million to combat gun violence: 'We want to be invested in it' »,7
"Doves fly, hundreds form human chain and marquees go dark for 1 year anniversary of Las Vegas shooting",7
NRA supporters are blowing up Yeti coolers. Yeti says it's all a big mistake.,7
Parkland students brand firearm ban during Pence speech as NRA hypocrisy,7
"With Grief and Hope, Florida Students Take Gun Control Fight On the Road",7
Parkland survivors keep memory of shooting alive,7
New York Today: Survivors of Gun Violence,7
Students Nationwide Walk Out Of Schools To Show Support For Second Amendment Rights,7
This is my highway': Doctors challenge NRA after Chicago hospital shooting,7
Parkland parents pushing politicians to address gun violence,7
Stay in your lane: Doctors fire back at the NRA over guns,7
Medical professionals refuse to ‘stay in their own lane’ on gun violence,7
"Vegas shooting survivors describe year of change, challenges",7
The Las Vegas Strip Will Go Dark to Honor the Victims of Last Year's Mass Shooting,7
Has Parkland changed Americans’ views on guns?,7
These Are The Victims Of The Santa Fe High School Shooting,7
"Like the Big Kids, Kindergartens Plan Protests for Gun Control",7
Students team up with Sia to share their powerful message on gun violence Video,7
"Ben Stiller, Amy Schumer and Other Hollywood Stars React to ‘Great Tragedy’ of Pittsburgh Shooting",7
People across the country come together to condemn gun violence Video,7
Why High School Kids Are Better Than Adults at Talking About Guns,7
Sports world reacts to deadly shooting at Santa Fe High School,7
"Hundreds gather to honor Noel Sparks, killed in Thousand Oaks mass shooting",7
"Shooting at Pittsburgh synagogue widely condemned, deemed 'unconscionable'",7
Pittsburgh Steelers to hold moment of silence to honor victims of synagogue shooting,7
"Marchers take to the streets in Elgin in wake of Parkland shooting: 'No more silence, stop the violence'",7
Anti-gun student walkout included stomping on American flag and jumping on cop car,7
Student activists say they will withdraw from NRA protest due to threats: report,7
"Opinion | Dear National Rifle Association: We Won’t Let You Win. From, Teenagers.",7
Anger over Ed Dept mulling federal money for guns in schools,7
"Eric Church, Maren Morris will honor Vegas shooting victims at Grammys",7
School kids use #IfIDieInASchoolShooting to share thoughts on gun violence,7
"Clippers, Bucks wear T-shirts in warmups that say ‘Enough’ with names of Thousand Oaks shooting victims",7
This Is Us Emotionally Honors Pittsburgh After Deadly Synagogue Shooting,7
Faces Not Forgotten' honors young victims of gun violence in America,7
"Country singers usually stay quiet about gun issues, but since Parkland, some are speaking out",7
The Latest: Victim's family marks anniversary of shooting,7
Aurora cross man gets helping hearts from Covenant students for Las Vegas shooting anniversary trip,7
Toms Shoes’ Campaign to End Gun Violence Is Inspiring Hundreds of Thousands,7
Sia teams up with students to make awe-inspiring dance video with anti-gun violence message,7
Hundreds of Southland marchers call on lawmakers to take up gun control: 'We cannot go to school in fear',7
Protesters face off in Seattle over gun reform initiative,7
"Chicago activists shut down Lake Shore Drive, speak out against gun violence at Wrigley",7
Looking back at the Las Vegas mass shooting Photos,7
Another day of funerals as Pittsburgh mourns synagogue shooting victims,7
Active Shooter Game Is Pulled After Angering Parkland Parents,7
Doctors Revolt After N.R.A. Tells Them to ‘Stay in Their Lane’ on Gun Policy,7
Poll: most US teens are worried that a shooting could happen at their school,7
Marchers in Huntington Beach join call for action on gun violence and school safety,7
"Parkland Students Protest in Tallahassee, Raising Political Pressure for Tougher Gun Laws",7
"Guns alone don't kill people, patriarchy kills people",8
No one deserves to die over a video game': survivors recall chaos of Florida shooting,8
Fact check: Is there a link between media violence and mass shootings?,8
"How America’s hunting culture shaped masculinity, environmentalism, and the NRA",8
Unbearable grief': Pakistani parents of Santa Fe school shooting victim warn of gun culture in US,8
Today's talker: Could 'mistreatment' of shooter justify Santa Fe killings?,8
Scott Beierle Tallahassee shooting: why online hate is so dangerous - Vox,8
"Gun-related homicides, suicides kill more people than war, study says",8
Massacre fatigue: Do we ignore shootings?,8
Gun violence is a disease — has DC found a cure?,8
This is an unspoken culprit of school shootings,8
What are esports and Twitch? Shooting at video game tournament promts questions,8
"Pittsburgh synagogue shooting, mail bombs show US 'toxic' discourse spurs 'deranged' people to act: Ex-DHS chief",8
Jacksonville councilman on shooting: We've got a problem with guns and faith,8
School shootings will scar a generation of students,8
Morgan Wallen on recent mass shootings: 'I believe that a lot of people have neglected God',8
"After Santa Fe School Shooting, Texas Town Grapples With Bullying",8
Study claiming US is home of one-third of mass-shooters worldwide debunked; figure less than 1.5 percent,8
Police say Jacksonville shooter 'clearly targeted other gamers.' Here's what we know,8
The Americas Account for Half of Annual Gun Deaths Worldwide,8
"We must condemn hatred, curb gun violence to reclaim our country",8
How mass shooters practice their hate online,8
Does the U.S. lead the world in mass shootings?,8
Texans turn to God as school rocked by latest shooting,8
Suspect in Madden 19 tournament shooting targeted gamers: Sheriff,8
Gunman 'clearly targeted other gamers' at Florida tournament,8
Don Lemon on Fla. shooting: This is a sickness that has infected this country,8
America's increasing moral panic over active shooters is overblown and counterproductive,8
"At Butler High School in N.C., Bullying Led to Fatal Shooting of Student, Police Say",8
"What do most mass shooters have in common? It's not politics, violent video games or occult beliefs",8
"Nikolas Cruz's brother regrets bullying school shooter, report says",8
Tennessee lawmaker says pornography is a 'root cause' of school shootings,8
"Kellyanne Conway suggests 'late-night comedians' promoting 'anti-religiosity' to blame for synagogue shooting, and Twitter's not having it",8
"State won't do business with Bank of America, Citi over their gun policies",9
NRA Awarded Contracts to Firms With Ties to Top Officials - WSJ,9
One Big Loser on Black Friday? Gun Sales,9
"Dick's Sporting Goods' gun policy, Under Armour weighs on sales",9
NRA under mounting pressure as companies cut ties with gun lobby,9
ACLU: New York state’s attempts to put NRA out of business violates First Amendment,9
"Dick's predicts lower sales, foot traffic after gun policy changes",9
Gun maker American Outdoor Brands: We won't be pushed into 'politically motivated' actions,9
"BlackRock, a Shareholder in Gun Makers, Ramps Up Pressure on Gun Industry",9
"NRA lashes out at boycott movement as United, Delta and other corporations cut ties",9
Planned shift on gun exports kicks up storm,9
Dick's Sporting Goods' rough quarter had nothing to do with guns,9
Limited engagement: Top funds backed gunmaker Ruger board despite no talks,9
What boycotting the NRA accomplishes.,9
EA Cancels Madden Classic Qualifier Events In Wake Of Mass Shooting,9
"Broward County, Florida, newspaper pulls all gun ads following front-page ‘controversy’",9
"Image Firearms Industry Appears Stuck in the Doldrums Interest in hunting products at Dick’s Sporting Goods is sliding, background checks for firearms fell on Black Friday and pressure from Wall Street isn’t letting up. By Tiffany Hsu",9
"NRA Says it Is Facing a Financial Crisis, Twitter Users Send “Thoughts & Prayers”",9
Parkland survivor suggests Florida spring break boycott until gun control law passes,9
"Calstrs to Engage With Assault-Weapon Sellers First, Divest Last",9
"Charities weigh cutting ties to telemarketer for Ben Carson, NRA after FTC fine",9
Gun Maker Remington Plans to File for Bankruptcy Protection,9
Corporate America throws weight behind gun controls,9
"Delta, now entangled in controversy, says it sold just 13 tickets under NRA discount",9
"Bank, Enterprise parting with NRA following Florida school massacre",9
Shares of Gun Makers Rally Ahead of Election Outcome,9
Big Investors Have Clout. They Can Use It With Gun Makers.,9
Corporate partners cut cord with NRA as gun control debate rages,9
EA Sports cancels remaining 'Madden' qualifiers in wake of deadly Jacksonville shooting,9
Is the NRA going bankrupt? Group Claims it Will Soon be ‘Unable to Exist’ Due to Financial Difficulties,9
Trump Gun Slump: Sales Plummet As Americans Don't Buy Gun Control Threats,9
Smith & Wesson revenue from long-gun sales fell 50 percent this year: report,9
Thank you for shooting: Will the NRA go the way of the tobacco lobby?,9
Ann Coulter rips United for cutting NRA ties: You should have been sued over 9/11,9
FedEx to end program that offers discounts for business members of NRA,9
Citigroup restricts gun sales by business customers,9
Limited engagement: Top funds backed gunmaker Ruger board despite no talks,9
NRA says New York 'blacklisting campaign' is driving it out of business,9
New York seeks dismissal of NRA suit claiming 'blacklisting',9
"The NRA Says It's Suffered ""Tens Of Millions Of Dollars"" Of Harm Since Parkland",9
Here’s Why Businesses Are Dropping the NRA and Why Politicians Are Reluctant To—It’s Not About Values,9
Bank of America to Stop Financing Makers of Military-Style Guns,9
"Remington, Centuries-Old Gun Maker, Files for Bankruptcy as Sales Slow",9
It must always be people over profits': Jacksonville shooting survivors to file lawsuit,9
Donations to the NRA tripled after the Parkland shooting,9
"These 3,100 businesses love the NRA even as others pull back",9
NRA boycott: group sues New York for targeting insurance companies that support the NRA,9
NRA reports $55M decline in 2017 funding | TheHill,9
NRA losing corporate ties amid calls for boycott in wake of Parkland shooting,9
Gaming company cancels next three tournaments after deadly shooting,9
NRA Is Losing Major Sponsors and Partners Amid Calls for a Boycott,9
Bank of America to stop lending to military-style weapons makers,9
Investors pressure gun industry but there are limits,9
PayPal bans Gab in wake of Pittsburgh mass shooting,9
Bank of America to stop lending to makers of 'military-style firearms',9
Big banks take a stand against the gun industry,9
The shooting at a Madden video game tournament in Florida has shaken esports gamers and leagues in the fast-growing industry,9
YouTube to Ban Videos Promoting Gun Sales,9
Dick’s Sporting Goods says its controversial gun policy dragged down business,9
"Wells Fargo gives gun maker a new line of credit, unswayed by nuns' opposition",9
The NRA claims actions by New York state are harming its finances. Governor Cuomo's response: 'Too bad',9
How a Seattle nun led a shareholder revolt against gun makers,9
Is the Sandy Hook massacre the real reason behind the gunmaker's bankruptcy?,9
"NRA says it faces financial crisis, claims it might be 'unable to exist' in future: lawsuit",9
